Feature,0,1,MeanDecreaseAccuracy,MeanDecreaseGini
rpoB_A522E,0,0,0,0.2985622710622711
rpoB_V521A,0,0,0,0.2770229437229438
rpoB_H526H,0,0,0,0.2487871572871573
UMAP1,0,0.42647898139472296,0.42647898139472296,0.2299907314907315
rpoB_A522T,0,0,0,0.22849047619047624
rpoB_R508P,0,0.6472676452015181,0.6472676452015181,0.19398701298701304
rpoB_A522V,0,1.0010015025043828,1.0010015025043828,0.16862857142857143
rpoB_S531F,0,1.0010015025043828,1.0010015025043828,0.10685006105006106
rpoB_Q513R,0,-0.4509264783730557,-0.4509264783730557,0.0997666666666667
rpoB_I572M,0,1.2606877431523202,1.2606877431523202,0.059365034965034966
rpoB_I572L,0,1.3992827334142761,1.3992827334142761,0.05789894549894551
rpoB_S531L,0,1.389425035941821,1.389425035941821,0.05160634920634922
rpoB_D516G,0,-1.1056644552171162,-1.1056644552171162,0.05064761904761905
rpoB_H526N,0,0.9751340038956843,0.9751340038956843,0.048012554112554125
rpoB_H526D,0,1.3798496565059557,1.3798496565059557,0.040701587301587294
rpoB_P564L,0,1.2587471229118958,1.2587471229118958,0.03919047619047619
rpoB_D516Y,0,1.6834103133653673,1.6834103133653673,0.03876373626373626
rpoB_Q513L,0,-0.08635964363310006,-0.08635964363310006,0.03143030303030304
UMAP2,0,0.34771878216395785,0.34771878216395785,0.031388744588744584
rpoB_D516V,0,0.7407081592372733,0.7407081592372733,0.02722207792207793
rpoB_D516N,0,1.322420465767334,1.322420465767334,0.025798412698412702
rpoB_I572F,0,1.4112077420496636,1.4112077420496636,0.024511111111111112
rpoB_H526L,0,2.4099588809789245,2.4099588809789245,0.02182222222222222
rpoB_R529H,0,-0.8951969333141753,-0.8951969333141753,0.020150793650793652
rpoB_L533P,0,1.0010015025043828,1.0010015025043828,0.01916190476190477
rpoB_S512F,0,0.19014798957897586,0.19014798957897586,0.0174031746031746
rpoB_S522L,0,0,0,0.013723809523809525
rpoB_V146F,0,0.4509264783730557,0.4509264783730557,0.011684126984126986
rpoB_S512P,0,-0.738952120655844,-0.738952120655844,0.011666378066378071
rpoB_H526Q,0,1.0010015025043828,1.0010015025043828,0.011190331890331895
rpoB_H526Y,0,0.42647898139472296,0.42647898139472296,0.010533333333333336
rpoB_S531Q,0,0,0,0.00743030303030303
rpoB_L533S,0,1.0010015025043828,1.0010015025043828,0.006763636363636364
rpoB_D522V,0,0,0,0.006666666666666666
rpoB_S509R,0,0,0,0.0066111111111111145
rpoB_S531Y,0,-0.8767658977823216,-0.8767658977823216,0.006347474747474748
rpoB_D522A,0,0,0,0.006
rpoB_L533Q,0,0,0,0.005866666666666667
P519L,0,0,0,0.005866666666666666
rpoB_A532P,0,0,0,0.005333333333333333
rpoB_L533V,0,0,0,0.004738461538461543
rpoB_L511P,0,0,0,0.004731457431457432
rpoB_S574F,0,-1.0010015025043828,-1.0010015025043828,0.0046774891774891796
rpoB_G534R,0,0,0,0.004666666666666666
rpoB_H526P,0,1.0010015025043828,1.0010015025043828,0.004453968253968253
rpoB_K527Q,0,0,0,0.004
rpoB_S509P,0,0,0,0.003921212121212122
rpoB_L511S,0,0,0,0.003893939393939393
rpoB_I572S,0,0,0,0.003699999999999998
rpoB_G507D,0,0,0,0.0036666666666666666
rpoB_T504S,0,0,0,0.0033545454545454542
rpoB_G534W,0,0,0,0.0031641025641025635
rpoB_G534A,0,0,0,0.0027076923076923072
rpoB_S509C,0,0,0,0.002666666666666668
rpoB_E562K,0,0,0,0.0026666666666666666
rpoB_H512P,0,0,0,0.0026666666666666666
rpoB_N519L,0,0,0,0.0026666666666666666
rpoB_Q510H,0,0,0,0.0026666666666666666
rpoB_R529C,0,0,0,0.0026666666666666666
rpoB_R529S,0,0,0,0.0026000000000000016
rpoB_D516E,0,1.0010015025043828,1.0010015025043828,0.0024444444444444466
rpoB_I146F,0,0,0,0.002387878787878787
rpoB_A522D,0,0,0,0.002333333333333334
rpoB_Q148R,0,0,0,0.0022545454545454535
rpoB_A518E,0,0,0,0.002241025641025641
rpoB_V146I,0,0,0,0.0021680097680097676
rpoB_H498C,0,0,0,0.002
rpoB_N518K,0,0,0,0.002
rpoB_Q517L,0,0,0,0.002
rpoB_S495C,0,0,0,0.002
rpoB_S531W,0,0,0,0.002
rpoB_T515S,0,0,0,0.002
rpoB_S574Y,0,0,0,0.0017999999999999997
rpoB_K513Q,0,0,0,0.0015939393939393939
rpoB_H526S,0,0,0,0.0013333333333333344
rpoB_Q148L,0,0,0,0.0012600732600732592
G57D,0,0,0,0.0011333333333333338
rpoB_S522F,0,0,0,0.0010000000000000018
rpoB_Q513P,0,0,0,0.001
rpoB_G534C,0,0,0,7.636363636363654e-4
rpoB_P564R,0,0,0,7.333333333333343e-4
rpoB_A522N,0,0,0,7.034965034965026e-4
rpoB_S531C,0,0,0,6.878787878787876e-4
rpoB_C558W,0,0,0,6.428571428571424e-4
rpoB_G570D,0,0,0,5.333333333333341e-4
rpoB_I572D,0,0,0,5.333333333333341e-4
rpoB_Q513I,0,0,0,5.333333333333341e-4
rpoB_D516A,0,0,0,4.848484848484844e-4
rpoB_G522D,0,0,0,3.9267399267399304e-4
rpoB_T563P,0,0,0,3.636363636363633e-4
R158H,0,0,0,3.333333333333339e-4
rpoB_S512C,0,0,0,3.333333333333339e-4
rpoB_L511R,0,0,0,3.303030303030319e-4
rpoB_S509F,0,0,0,3.0476190476190544e-4
rpoB_G522V,0,0,0,2.2857142857142954e-4
rpoB_Q499R,0,0,0,2.0000000000000017e-4
rpoB_S517F,0,0,0,1.6410256410256352e-4
rpoB_G534D,0,0,0,1.3333333333333285e-4
rpoB_R529L,0,0,0,1.3333333333333285e-4
rpoB_Q513E,0,0,0,9.69696969696976e-5
rpoB_V146G,0,0,0,9.69696969696976e-5
rpoB_H512Y,0,0,0,9.52380952380949e-5
rpoB_R529G,0,0,0,7.619047619047591e-5
rpoB_Q517H,0,0,0,6.666666666666643e-5
rpoB_N624S,0,0,0,5.594405594405671e-5
rpoB_Q499K,0,0,0,4.102564102564088e-5
D483G,0,0,0,0
R158C,0,0,0,0
rpoB_A434D,0,0,0,0
rpoB_A532E,0,0,0,0
rpoB_A532V,0,0,0,0
rpoB_A577V,0,0,0,0
rpoB_A621V,0,0,0,0
rpoB_A650V,0,0,0,0
rpoB_A656S,0,0,0,0
rpoB_A664G,0,0,0,0
rpoB_C558Y,0,0,0,0
rpoB_D516F,0,0,0,0
rpoB_D516P,0,0,0,0
rpoB_D604H,0,0,0,0
rpoB_D626E,0,0,0,0
rpoB_D631Y,0,0,0,0
rpoB_E393D,0,0,0,0
rpoB_E412D,0,0,0,0
rpoB_E422K,0,0,0,0
rpoB_E632D,0,0,0,0
rpoB_E648D,0,0,0,0
rpoB_F578Y,0,0,0,0
rpoB_F614Y,0,0,0,0
rpoB_G534S,0,0,0,0
rpoB_G534V,0,0,0,0
rpoB_G536V,0,0,0,0
rpoB_G537C,0,0,0,0
rpoB_G570C,0,0,0,0
rpoB_G570S,0,0,0,0
rpoB_G643S,0,0,0,0
rpoB_H512D,0,0,0,0
rpoB_H512R,0,0,0,0
rpoB_H526C,0,0,0,0
rpoB_H526E,0,0,0,0
rpoB_H526F,0,0,0,0
rpoB_H526G,0,0,0,0
rpoB_H526T,0,0,0,0
rpoB_H529D,0,0,0,0
rpoB_H649Q,0,0,0,0
rpoB_I145F,0,0,0,0
rpoB_I146M,0,0,0,0
rpoB_I572P,0,0,0,0
rpoB_I572R,0,0,0,0
rpoB_I572T,0,0,0,0
rpoB_I634V,0,0,0,0
rpoB_I663V,0,0,0,0
rpoB_K503N,0,0,0,0
rpoB_L448I,0,0,0,0
rpoB_L492M,0,0,0,0
rpoB_L511Q,0,0,0,0
rpoB_L511V,0,0,0,0
rpoB_L533C,0,0,0,0
rpoB_L533D,0,0,0,0
rpoB_L533H,0,0,0,0
rpoB_L533I,0,0,0,0
rpoB_L558V,0,0,0,0
rpoB_L571Q,0,0,0,0
rpoB_L622N,0,0,0,0
rpoB_N518D,0,0,0,0
rpoB_N573F,0,0,0,0
rpoB_N624D,0,0,0,0
rpoB_P546L,0,0,0,0
rpoB_P560S,0,0,0,0
rpoB_Q148H,0,0,0,0
rpoB_Q148P,0,0,0,0
rpoB_Q415E,0,0,0,0
rpoB_Q499L,0,0,0,0
rpoB_Q513F,0,0,0,0
rpoB_Q513H,0,0,0,0
rpoB_Q513K,0,0,0,0
rpoB_Q513N,0,0,0,0
rpoB_R451S,0,0,0,0
rpoB_R529K,0,0,0,0
rpoB_R529P,0,0,0,0
rpoB_R529Q,0,0,0,0
rpoB_R687H,0,0,0,0
rpoB_S387N,0,0,0,0
rpoB_S495F,0,0,0,0
rpoB_S505P,0,0,0,0
rpoB_S508P,0,0,0,0
rpoB_S512R,0,0,0,0
rpoB_S512Y,0,0,0,0
rpoB_S522Y,0,0,0,0
rpoB_S531M,0,0,0,0
rpoB_S574L,0,0,0,0
rpoB_T399A,0,0,0,0
rpoB_T423E,0,0,0,0
rpoB_T525R,0,0,0,0
rpoB_T563I,0,0,0,0
rpoB_V146W,0,0,0,0
rpoB_V524I,0,0,0,0
